Date,Close,High,Low,Open,Volume
,160580.KS,160580.KS,160580.KS,160580.KS,160580.KS
2020-08-18,7160.0,7250.0,7000.0,7000.0,17104
2020-08-19,7240.0,7405.0,7160.0,7405.0,18379
2020-08-20,7215.0,7390.0,7215.0,7390.0,2974
2020-08-21,7280.0,7345.0,7220.0,7345.0,3835
2020-08-24,7235.0,7235.0,7145.0,7235.0,1930
2020-08-25,7240.0,7400.0,7150.0,7400.0,5487
2020-08-26,7270.0,7330.0,7240.0,7330.0,3002
2020-08-27,7255.0,7335.0,7250.0,7300.0,2129
2020-08-28,7380.0,7420.0,7300.0,7305.0,7451
2020-08-31,7485.0,7485.0,7400.0,7400.0,13903
2020-09-01,7610.0,7610.0,7385.0,7385.0,6092
2020-09-02,7510.0,7690.0,7450.0,7690.0,11193
2020-09-03,7510.0,7510.0,7455.0,7455.0,1780
2020-09-04,7285.0,7450.0,7095.0,7450.0,5392
2020-09-07,7460.0,7570.0,7355.0,7355.0,7279
2020-09-08,7480.0,7555.0,7455.0,7555.0,468
2020-09-09,7435.0,7480.0,7375.0,7480.0,1114
2020-09-10,7520.0,7520.0,7455.0,7455.0,6426
2020-09-11,7450.0,7520.0,7385.0,7520.0,6357
2020-09-14,7515.0,7520.0,7460.0,7500.0,3718
2020-09-15,7565.0,7590.0,7455.0,7515.0,12516
2020-09-16,7460.0,7580.0,7385.0,7580.0,13510
2020-09-17,7385.0,7530.0,7375.0,7375.0,1794
2020-09-18,7400.0,7575.0,7380.0,7575.0,2366
2020-09-21,7400.0,7460.0,7395.0,7400.0,2653
2020-09-22,7295.0,7380.0,7260.0,7380.0,5259
2020-09-23,7430.0,7485.0,7260.0,7355.0,6325
2020-09-24,7240.0,7320.0,7195.0,7245.0,2350
2020-09-25,7300.0,7330.0,7240.0,7240.0,1356
2020-09-28,7195.0,7370.0,7145.0,7370.0,5060
2020-09-29,7170.0,7210.0,7105.0,7200.0,2026
2020-10-05,7100.0,7170.0,7095.0,7170.0,5811
2020-10-06,6960.0,7035.0,6920.0,7035.0,8087
2020-10-07,7115.0,7115.0,7055.0,7075.0,3519
2020-10-08,7210.0,7210.0,7115.0,7115.0,3908
2020-10-12,7140.0,7210.0,7095.0,7210.0,4195
2020-10-13,7155.0,7175.0,7150.0,7175.0,2262
2020-10-14,7200.0,7210.0,7155.0,7155.0,1463
2020-10-15,7380.0,7445.0,7200.0,7200.0,12184
2020-10-16,7240.0,7445.0,7170.0,7445.0,1266
2020-10-19,7160.0,7195.0,7150.0,7180.0,1651
2020-10-20,7210.0,7215.0,7155.0,7160.0,371
2020-10-21,7325.0,7330.0,7155.0,7155.0,7667
2020-10-22,7350.0,7380.0,7325.0,7325.0,2235
2020-10-23,7260.0,7320.0,7250.0,7275.0,1575
2020-10-26,7220.0,7255.0,7215.0,7255.0,1369
2020-10-27,7215.0,7220.0,7150.0,7220.0,560
2020-10-28,7190.0,7215.0,7170.0,7215.0,1775
2020-10-29,7145.0,7150.0,7135.0,7140.0,843
2020-10-30,7110.0,7145.0,7065.0,7145.0,898
2020-11-02,7110.0,7130.0,7085.0,7100.0,822
2020-11-03,7125.0,7195.0,7075.0,7195.0,779
2020-11-04,7185.0,7200.0,7130.0,7135.0,1329
2020-11-05,7165.0,7255.0,7150.0,7255.0,2165
2020-11-06,7150.0,7170.0,7120.0,7160.0,2025
2020-11-09,7255.0,7295.0,7150.0,7150.0,1635
2020-11-10,7290.0,7330.0,7250.0,7300.0,24269
2020-11-11,7150.0,7200.0,7150.0,7200.0,3000
2020-11-12,7200.0,7290.0,7145.0,7290.0,1565
2020-11-13,7225.0,7225.0,7195.0,7200.0,842
2020-11-16,7290.0,7320.0,7200.0,7215.0,4328
2020-11-17,7370.0,7390.0,7305.0,7390.0,2427
2020-11-18,7305.0,7370.0,7285.0,7370.0,9506
2020-11-19,7360.0,7360.0,7270.0,7360.0,5335
2020-11-20,7350.0,7360.0,7305.0,7360.0,1689
2020-11-23,7390.0,7795.0,7380.0,7795.0,4094
2020-11-24,7540.0,7555.0,7390.0,7390.0,7016
2020-11-25,7510.0,7635.0,7485.0,7600.0,6416
2020-11-26,7550.0,7555.0,7490.0,7520.0,1623
2020-11-27,7610.0,7645.0,7505.0,7550.0,3139
2020-11-30,7785.0,7795.0,7650.0,7650.0,9949
2020-12-01,8000.0,8050.0,7845.0,7845.0,5912
2020-12-02,8015.0,8150.0,7915.0,8150.0,3726
2020-12-03,7945.0,8025.0,7830.0,8025.0,12535
2020-12-04,7865.0,8025.0,7855.0,8000.0,12911
2020-12-07,7825.0,8000.0,7765.0,7865.0,6488
2020-12-08,7750.0,7785.0,7735.0,7780.0,9383
2020-12-09,7755.0,7755.0,7710.0,7745.0,2412
2020-12-10,7840.0,7895.0,7750.0,7895.0,3047
2020-12-11,7755.0,7885.0,7720.0,7850.0,20679
2020-12-14,7940.0,7940.0,7815.0,7815.0,6130
2020-12-15,7945.0,7970.0,7815.0,7970.0,5686
2020-12-16,7915.0,7925.0,7790.0,7795.0,3102
2020-12-17,8000.0,8015.0,7930.0,8015.0,3523
2020-12-18,8125.0,8125.0,7990.0,8005.0,4895
2020-12-21,8075.0,8185.0,8030.0,8155.0,20616
2020-12-22,8050.0,8170.0,8030.0,8080.0,3970
2020-12-23,8050.0,8050.0,7980.0,8050.0,3388
2020-12-24,8030.0,8140.0,7950.0,8140.0,5051
2020-12-28,8050.0,8065.0,7965.0,8030.0,3121
2020-12-29,7955.0,8080.0,7950.0,8080.0,4070
2020-12-30,7955.0,8010.0,7900.0,7900.0,3609
2021-01-04,7960.0,8020.0,7920.0,7955.0,19005
2021-01-05,8040.0,8040.0,7955.0,7960.0,6705
2021-01-06,8070.0,8180.0,8010.0,8180.0,6335
2021-01-07,8300.0,8315.0,8240.0,8310.0,10933
2021-01-08,8230.0,8310.0,8200.0,8305.0,17067
2021-01-11,8180.0,8230.0,8165.0,8230.0,12370
2021-01-12,8230.0,8235.0,8120.0,8180.0,14647
2021-01-13,8160.0,8245.0,8145.0,8245.0,18976
2021-01-14,8195.0,8235.0,8160.0,8160.0,16302
2021-01-15,8150.0,8770.0,8140.0,8770.0,29657
2021-01-18,8300.0,8380.0,8190.0,8380.0,13512
2021-01-19,8235.0,8300.0,8180.0,8300.0,17313
2021-01-20,8235.0,8320.0,8180.0,8320.0,15522
2021-01-21,8240.0,8265.0,8235.0,8240.0,9185
2021-01-22,8250.0,8300.0,8210.0,8240.0,16845
2021-01-25,8145.0,8380.0,8120.0,8380.0,22033
2021-01-26,8200.0,8245.0,8145.0,8150.0,13155
2021-01-27,8170.0,8285.0,8165.0,8285.0,8517
2021-01-28,8150.0,8185.0,7745.0,7745.0,13896
2021-01-29,8055.0,8125.0,8055.0,8120.0,7194
2021-02-01,8260.0,8260.0,8055.0,8055.0,16571
2021-02-02,8145.0,8260.0,8145.0,8260.0,14606
2021-02-03,8050.0,8190.0,8005.0,8190.0,10718
2021-02-04,8130.0,8150.0,8050.0,8050.0,3803
2021-02-05,8210.0,8255.0,8135.0,8135.0,11268
2021-02-08,8230.0,8300.0,8210.0,8300.0,6730
2021-02-09,8315.0,8315.0,8235.0,8235.0,8385
2021-02-10,8575.0,8580.0,8405.0,8405.0,26683
2021-02-15,8595.0,8650.0,8550.0,8650.0,10782
2021-02-16,8660.0,8770.0,8600.0,8770.0,34664
2021-02-17,8735.0,8790.0,8700.0,8790.0,39199
2021-02-18,8900.0,8920.0,8700.0,8920.0,17623
2021-02-19,9015.0,9050.0,8930.0,9000.0,79753
2021-02-22,9435.0,9455.0,9195.0,9205.0,92312
2021-02-23,9475.0,9560.0,9305.0,9500.0,80897
2021-02-24,9425.0,9515.0,9345.0,9490.0,40424
2021-02-25,9705.0,9740.0,9515.0,9515.0,78420
2021-02-26,10160.0,10200.0,9655.0,9705.0,158384
2021-03-02,9575.0,10195.0,9400.0,10170.0,107169
2021-03-03,9615.0,9720.0,9580.0,9595.0,35052
2021-03-04,9765.0,9880.0,9615.0,9615.0,88845
2021-03-05,9390.0,9535.0,9130.0,9355.0,54253
2021-03-08,9480.0,9570.0,9260.0,9395.0,32254
2021-03-09,9565.0,9655.0,9390.0,9390.0,59893
2021-03-10,9440.0,9500.0,9330.0,9415.0,34842
2021-03-11,9555.0,9595.0,9370.0,9595.0,29397
2021-03-12,9450.0,9625.0,9450.0,9555.0,19611
2021-03-15,9500.0,9545.0,9480.0,9500.0,12556
2021-03-16,9500.0,9600.0,9495.0,9555.0,34938
2021-03-17,9440.0,9495.0,9330.0,9495.0,8355
2021-03-18,9440.0,9550.0,9385.0,9500.0,14518
2021-03-19,9500.0,9545.0,9390.0,9440.0,18333
2021-03-22,9435.0,9555.0,9365.0,9555.0,10484
2021-03-23,9430.0,9495.0,9300.0,9405.0,22265
2021-03-24,9470.0,9470.0,9295.0,9295.0,18326
2021-03-25,9370.0,9460.0,9370.0,9440.0,6784
2021-03-26,9280.0,9415.0,9140.0,9415.0,14220
2021-03-29,9290.0,9400.0,9175.0,9400.0,9900
2021-03-30,9395.0,9445.0,9290.0,9290.0,29431
2021-03-31,9280.0,9400.0,9260.0,9400.0,10727
2021-04-01,9310.0,9330.0,9150.0,9150.0,6740
2021-04-02,9240.0,9310.0,9215.0,9310.0,9264
2021-04-06,9080.0,9440.0,9070.0,9440.0,36899
2021-04-07,9220.0,9300.0,9100.0,9100.0,12977
2021-04-08,9330.0,9340.0,9245.0,9260.0,13903
2021-04-09,9295.0,9390.0,9295.0,9390.0,3884
2021-04-12,9265.0,9370.0,9250.0,9370.0,15177
2021-04-13,9235.0,9270.0,9155.0,9155.0,6336
2021-04-14,9240.0,9370.0,9200.0,9370.0,5754
2021-04-15,9420.0,9420.0,9295.0,9300.0,32310
2021-04-16,9555.0,9600.0,9500.0,9500.0,75475
2021-04-19,9875.0,9890.0,9400.0,9410.0,38759
2021-04-20,9895.0,9950.0,9705.0,9815.0,71811
2021-04-21,9830.0,9900.0,9675.0,9750.0,42469
2021-04-22,9790.0,9835.0,9705.0,9835.0,19790
2021-04-23,9870.0,9990.0,9775.0,9790.0,15228
2021-04-26,10015.0,10055.0,9870.0,10000.0,26543
2021-04-27,10235.0,10270.0,10125.0,10125.0,55032
2021-04-28,10230.0,10365.0,10030.0,10320.0,55089
2021-04-29,10320.0,10450.0,10125.0,10450.0,33843
2021-04-30,10385.0,10435.0,10220.0,10340.0,35571
2021-05-03,10390.0,10485.0,10335.0,10385.0,35630
2021-05-04,10455.0,10485.0,10275.0,10450.0,24968
2021-05-06,10630.0,10675.0,10470.0,10600.0,72817
2021-05-07,10730.0,10750.0,10625.0,10750.0,53740
2021-05-10,11165.0,11190.0,10800.0,11025.0,112474
2021-05-11,11630.0,11630.0,11160.0,11165.0,122978
2021-05-12,11850.0,11965.0,11450.0,11900.0,292281
2021-05-13,12300.0,13965.0,11850.0,11850.0,324810
2021-05-14,12005.0,13130.0,12005.0,12450.0,259814
2021-05-17,12540.0,12900.0,12040.0,12040.0,104485
2021-05-18,13005.0,13530.0,12705.0,12705.0,209823
2021-05-20,12790.0,12950.0,12100.0,12900.0,130344
2021-05-21,11000.0,12350.0,10485.0,12350.0,124261
2021-05-24,10350.0,10990.0,10345.0,10990.0,93899
2021-05-25,10525.0,10775.0,10500.0,10775.0,38383
2021-05-26,10600.0,10790.0,10525.0,10540.0,230768
2021-05-27,10600.0,10800.0,10590.0,10800.0,63244
2021-05-28,10660.0,10975.0,10660.0,10975.0,116079
2021-05-31,10800.0,10855.0,10730.0,10800.0,71837
2021-06-01,10750.0,10950.0,10700.0,10950.0,62881
2021-06-02,10860.0,10890.0,10750.0,10845.0,46493
2021-06-03,10715.0,10835.0,10705.0,10835.0,83799
2021-06-04,10550.0,10605.0,10480.0,10605.0,49955
2021-06-07,10350.0,10550.0,10330.0,10550.0,216761
2021-06-08,10435.0,10495.0,10250.0,10350.0,52131
2021-06-09,10495.0,10535.0,10470.0,10470.0,71554
2021-06-10,10515.0,10730.0,10495.0,10570.0,71834
2021-06-11,10390.0,10515.0,10355.0,10515.0,64252
2021-06-14,10590.0,10685.0,10510.0,10685.0,44738
2021-06-15,10480.0,10590.0,10405.0,10590.0,37991
2021-06-16,10195.0,10345.0,10145.0,10345.0,298562
2021-06-17,10075.0,10170.0,9920.0,10170.0,53842
2021-06-18,9940.0,9965.0,9800.0,9800.0,104893
2021-06-21,9725.0,9840.0,9705.0,9840.0,108711
2021-06-22,9705.0,9780.0,9610.0,9780.0,87727
2021-06-23,9935.0,9960.0,9705.0,9705.0,53200
2021-06-24,10040.0,10105.0,10005.0,10005.0,87544
2021-06-25,10090.0,10120.0,10070.0,10120.0,42413
2021-06-28,10000.0,10085.0,9975.0,9975.0,47538
2021-06-29,9900.0,10050.0,9880.0,10050.0,94754
2021-06-30,9890.0,9990.0,9880.0,9900.0,21767
2021-07-01,9960.0,10000.0,9930.0,9950.0,18884
2021-07-02,9895.0,9960.0,9880.0,9960.0,26953
2021-07-05,9950.0,9950.0,9710.0,9865.0,34171
2021-07-06,10080.0,10095.0,10000.0,10000.0,48101
2021-07-07,10095.0,10095.0,9945.0,10040.0,54048
2021-07-08,9960.0,10090.0,9910.0,10090.0,43484
2021-07-09,9935.0,9950.0,9835.0,9950.0,35406
2021-07-12,9955.0,10090.0,9940.0,9965.0,25403
2021-07-13,9965.0,9975.0,9935.0,9975.0,38703
2021-07-14,9985.0,10020.0,9900.0,9965.0,21924
2021-07-15,9985.0,10000.0,9950.0,9985.0,16007
2021-07-16,9985.0,10000.0,9830.0,9990.0,15433
2021-07-19,9945.0,9995.0,9870.0,9870.0,11914
2021-07-20,9840.0,9900.0,9770.0,9840.0,26974
2021-07-21,9780.0,9940.0,9765.0,9940.0,27335
2021-07-22,9890.0,9945.0,9790.0,9790.0,27090
2021-07-23,9990.0,10015.0,9940.0,9990.0,30126
2021-07-26,10120.0,10140.0,10075.0,10100.0,61248
2021-07-27,10245.0,10325.0,10220.0,10290.0,46091
2021-07-28,10355.0,10620.0,10245.0,10245.0,100359
2021-07-29,10255.0,10335.0,10100.0,10335.0,26420
2021-07-30,10240.0,10460.0,10225.0,10460.0,18506
2021-08-02,10255.0,10330.0,10000.0,10240.0,16183
2021-08-03,10160.0,10250.0,9985.0,10250.0,54577
2021-08-04,10095.0,10130.0,10000.0,10130.0,22110
2021-08-05,10045.0,10085.0,10020.0,10085.0,15829
2021-08-06,10045.0,10045.0,9950.0,10020.0,34273
2021-08-09,9990.0,9990.0,9835.0,9835.0,11700
2021-08-10,10050.0,10060.0,9935.0,9990.0,8888
2021-08-11,10030.0,10090.0,10000.0,10050.0,10010
2021-08-12,10125.0,10125.0,9985.0,10030.0,29396
2021-08-13,10100.0,10125.0,10005.0,10125.0,36632
2021-08-17,9985.0,10050.0,9890.0,10000.0,25823
2021-08-18,9930.0,9960.0,9890.0,9960.0,17749
2021-08-19,9785.0,9845.0,9720.0,9810.0,23080
2021-08-20,9625.0,9645.0,9580.0,9620.0,26049
2021-08-23,9805.0,9855.0,9610.0,9610.0,15918
2021-08-24,9870.0,9985.0,9870.0,9985.0,6358
2021-08-25,9930.0,9990.0,9850.0,9990.0,9857
2021-08-26,9990.0,9990.0,9920.0,9990.0,11699
2021-08-27,9925.0,10000.0,9890.0,9990.0,7121
2021-08-30,10015.0,10015.0,9955.0,9970.0,33592
2021-08-31,10050.0,10055.0,9930.0,10050.0,10378
2021-09-01,9980.0,10050.0,9960.0,10050.0,6208
2021-09-02,9890.0,9980.0,9815.0,9980.0,9285
2021-09-03,9905.0,9980.0,9805.0,9900.0,12834
2021-09-06,9885.0,9950.0,9870.0,9905.0,16075
2021-09-07,9960.0,9960.0,9820.0,9955.0,7950
2021-09-08,9915.0,9915.0,9840.0,9915.0,29133
2021-09-09,9950.0,9950.0,9820.0,9900.0,21225
2021-09-10,9980.0,9995.0,9900.0,9950.0,22530
2021-09-13,10125.0,10125.0,10050.0,10095.0,101955
2021-09-14,10310.0,10335.0,10120.0,10120.0,151657
2021-09-15,10170.0,10300.0,10105.0,10300.0,8193
2021-09-16,10190.0,10295.0,10170.0,10170.0,10877
2021-09-17,10100.0,10190.0,10015.0,10190.0,16788
2021-09-23,10025.0,10200.0,9860.0,9860.0,9245
2021-09-24,10000.0,10135.0,9995.0,10025.0,6582
2021-09-27,10045.0,10075.0,9990.0,10015.0,9587
2021-09-28,10120.0,10240.0,10085.0,10085.0,15750
2021-09-29,10050.0,10115.0,9950.0,9950.0,11449
2021-09-30,10000.0,10050.0,9960.0,10050.0,8598
2021-10-01,9920.0,10015.0,9900.0,9915.0,37020
2021-10-05,10010.0,10195.0,9920.0,9965.0,14591
2021-10-06,9985.0,10100.0,9900.0,10050.0,6610
2021-10-07,10005.0,10045.0,9880.0,9985.0,18767
2021-10-08,10070.0,10190.0,9950.0,9950.0,12587
2021-10-12,10430.0,10480.0,10200.0,10200.0,101935
2021-10-13,10500.0,10500.0,10335.0,10420.0,44776
2021-10-14,10745.0,10745.0,10535.0,10590.0,72761
2021-10-15,10865.0,10895.0,10795.0,10830.0,53366
2021-10-18,11425.0,11425.0,11295.0,11300.0,105818
2021-10-19,11390.0,11395.0,11105.0,11395.0,46876
2021-10-20,11280.0,11330.0,10900.0,11135.0,92010
2021-10-21,10945.0,11205.0,10790.0,11200.0,32801
2021-10-22,10800.0,10840.0,10675.0,10840.0,133985
2021-10-25,10765.0,10825.0,10710.0,10800.0,12030
2021-10-26,10650.0,10760.0,10625.0,10660.0,21552
2021-10-27,10635.0,10650.0,10585.0,10640.0,13351
2021-10-28,10545.0,10630.0,10440.0,10550.0,11994
2021-10-29,10605.0,10655.0,10545.0,10545.0,12085
2021-11-01,10635.0,10675.0,10430.0,10605.0,14394
2021-11-02,10680.0,10725.0,10635.0,10635.0,13070
2021-11-03,10560.0,10665.0,10500.0,10665.0,16270
2021-11-04,10495.0,10560.0,10490.0,10560.0,7526
2021-11-05,10620.0,10640.0,10430.0,10495.0,34677
2021-11-08,10550.0,10620.0,10435.0,10435.0,20375
2021-11-09,10595.0,10630.0,10550.0,10550.0,6002
2021-11-10,10685.0,10690.0,10530.0,10595.0,17557
2021-11-11,10625.0,10690.0,10365.0,10685.0,29485
2021-11-12,10615.0,10725.0,10510.0,10725.0,3640
2021-11-15,10595.0,10695.0,10585.0,10615.0,17036
2021-11-16,10605.0,10770.0,10575.0,10595.0,9329
2021-11-17,10460.0,10605.0,10440.0,10605.0,16592
2021-11-18,10190.0,10460.0,10190.0,10460.0,13865
2021-11-19,10435.0,10520.0,10205.0,10520.0,15573
2021-11-22,10390.0,10485.0,10300.0,10300.0,10999
2021-11-23,10505.0,10505.0,10405.0,10405.0,15202
2021-11-24,10585.0,10660.0,10505.0,10505.0,4352
2021-11-25,10620.0,10655.0,10565.0,10590.0,6998
2021-11-26,10740.0,10740.0,10620.0,10705.0,46812
2021-11-29,10395.0,10585.0,10365.0,10445.0,11309
2021-11-30,10470.0,10555.0,10345.0,10555.0,9136
2021-12-01,10370.0,10465.0,10245.0,10465.0,5423
2021-12-02,10180.0,10330.0,10160.0,10275.0,6778
2021-12-03,10285.0,10385.0,10175.0,10195.0,4321
2021-12-06,10305.0,10395.0,10235.0,10395.0,7750
2021-12-07,10315.0,10420.0,10215.0,10215.0,5796
2021-12-08,10325.0,10435.0,10270.0,10315.0,6320
2021-12-09,10315.0,10380.0,10300.0,10325.0,5134
2021-12-10,10300.0,10365.0,10300.0,10365.0,5101
2021-12-13,10300.0,10340.0,10215.0,10215.0,4900
2021-12-14,10240.0,10390.0,10200.0,10240.0,4554
2021-12-15,10185.0,10340.0,10090.0,10230.0,26131
2021-12-16,10125.0,10335.0,10105.0,10335.0,3682
2021-12-17,10135.0,10310.0,10135.0,10155.0,10218
2021-12-20,10280.0,10340.0,10130.0,10340.0,20633
2021-12-21,10180.0,10290.0,10150.0,10280.0,5750
2021-12-22,10255.0,10380.0,10250.0,10275.0,11940
2021-12-23,10320.0,10710.0,10315.0,10710.0,12473
2021-12-24,10280.0,10400.0,10270.0,10325.0,19437
2021-12-27,10320.0,10475.0,10260.0,10475.0,7446
2021-12-28,10325.0,10560.0,10320.0,10560.0,1891
2021-12-29,10400.0,10400.0,10325.0,10325.0,5313
2021-12-30,10420.0,10445.0,9785.0,10400.0,17035
2022-01-04,10500.0,10580.0,10460.0,10490.0,14296
2022-01-05,10620.0,10700.0,10500.0,10580.0,30863
2022-01-06,10665.0,10665.0,10495.0,10530.0,34632
2022-01-07,10500.0,10665.0,10400.0,10665.0,18998
2022-01-10,10550.0,10660.0,10500.0,10500.0,5260
2022-01-11,10550.0,10550.0,10475.0,10550.0,16653
2022-01-12,10575.0,10660.0,10550.0,10550.0,13520
2022-01-13,10725.0,10740.0,10595.0,10595.0,30110
2022-01-14,10770.0,10800.0,10685.0,10725.0,7692
2022-01-17,10720.0,10770.0,10505.0,10770.0,8870
2022-01-18,10645.0,10880.0,10635.0,10880.0,7935
2022-01-19,10640.0,10645.0,10550.0,10600.0,7757
2022-01-20,10740.0,10740.0,10640.0,10735.0,6036
2022-01-21,10760.0,10795.0,10715.0,10740.0,8772
2022-01-24,10800.0,10800.0,10635.0,10795.0,48243
2022-01-25,10650.0,10800.0,10600.0,10800.0,21315
2022-01-26,10600.0,10700.0,10460.0,10645.0,4244
2022-01-27,10865.0,10900.0,10605.0,10605.0,37788
2022-01-28,10665.0,10865.0,10620.0,10865.0,25589
2022-02-03,10735.0,10825.0,10670.0,10825.0,18301
2022-02-04,10660.0,10800.0,10645.0,10740.0,7331
2022-02-07,10740.0,10880.0,10665.0,10665.0,10459
2022-02-08,10820.0,10850.0,10740.0,10750.0,25666
2022-02-09,10835.0,10835.0,10700.0,10825.0,26018
2022-02-10,10970.0,10980.0,10835.0,10850.0,28139
2022-02-11,11000.0,11225.0,10990.0,11000.0,52120
2022-02-15,10960.0,11110.0,10900.0,11110.0,26085
2022-02-16,10885.0,10965.0,10865.0,10960.0,12722
2022-02-17,10925.0,10950.0,10880.0,10885.0,6678
2022-02-18,10960.0,10960.0,10815.0,10815.0,26171
2022-02-21,10885.0,10965.0,10885.0,10960.0,4425
2022-02-22,10905.0,10920.0,10825.0,10880.0,6242
2022-02-23,10865.0,10930.0,10840.0,10915.0,7319
2022-02-24,11000.0,11025.0,10865.0,10980.0,24247
2022-02-25,10925.0,11090.0,10900.0,11090.0,7408
2022-02-28,10940.0,10960.0,10890.0,10925.0,15590
2022-03-02,11025.0,11095.0,10945.0,10945.0,10409
2022-03-03,11225.0,11255.0,11045.0,11045.0,29862
2022-03-04,11550.0,11595.0,11255.0,11255.0,43874
2022-03-07,12050.0,12180.0,11605.0,11615.0,86039
2022-03-08,12035.0,12035.0,11550.0,11850.0,104490
2022-03-10,11195.0,11430.0,10480.0,11430.0,90506
2022-03-11,11340.0,11385.0,11195.0,11195.0,31469
2022-03-14,11380.0,11400.0,11220.0,11340.0,22664
2022-03-15,11145.0,11280.0,11130.0,11280.0,25871
2022-03-16,11270.0,11340.0,11110.0,11145.0,21674
2022-03-17,11165.0,11375.0,11165.0,11290.0,15361
2022-03-18,11295.0,11300.0,11165.0,11165.0,10143
2022-03-21,11335.0,11430.0,11305.0,11305.0,12465
2022-03-22,11420.0,11450.0,11340.0,11340.0,12129
2022-03-23,11455.0,11500.0,11385.0,11430.0,9936
2022-03-24,11505.0,11600.0,11505.0,11520.0,17197
2022-03-25,11505.0,11515.0,11440.0,11505.0,8852
2022-03-28,11360.0,11600.0,11360.0,11600.0,11314
2022-03-29,11425.0,11445.0,11380.0,11435.0,5721
2022-03-30,11395.0,11465.0,11395.0,11425.0,14937
2022-03-31,11400.0,11490.0,11395.0,11400.0,12292
2022-04-01,11325.0,11495.0,11315.0,11400.0,12516
2022-04-04,11245.0,11385.0,11200.0,11315.0,16530
2022-04-05,11435.0,11500.0,11260.0,11500.0,12736
2022-04-06,11420.0,11435.0,11345.0,11435.0,18987
2022-04-07,11390.0,11445.0,11340.0,11420.0,7709
2022-04-08,11375.0,11470.0,11335.0,11340.0,5772
2022-04-11,11485.0,11500.0,11395.0,11395.0,13273
2022-04-12,11510.0,11525.0,11330.0,11480.0,12849
2022-04-13,11460.0,11575.0,11405.0,11515.0,13836
2022-04-14,11510.0,11565.0,11470.0,11490.0,3859
2022-04-15,11520.0,11595.0,11495.0,11515.0,12136
2022-04-18,11610.0,11640.0,11525.0,11540.0,5852
2022-04-19,11610.0,11650.0,11580.0,11610.0,7456
2022-04-20,11655.0,11705.0,11610.0,11610.0,11366
2022-04-21,11540.0,11650.0,11480.0,11650.0,32613
2022-04-22,11645.0,11700.0,11540.0,11540.0,15306
2022-04-25,11275.0,11625.0,11260.0,11320.0,21533
2022-04-26,11180.0,11245.0,11070.0,11070.0,11839
2022-04-27,11265.0,11345.0,10980.0,11180.0,9622
2022-04-28,11260.0,11355.0,11250.0,11250.0,4555
2022-04-29,11290.0,11375.0,11105.0,11255.0,14260
2022-05-03,11165.0,11325.0,11060.0,11190.0,13372
2022-05-04,10900.0,11165.0,10865.0,11165.0,16443
2022-05-06,10890.0,10975.0,10745.0,10975.0,19981
2022-05-10,10470.0,10630.0,10415.0,10415.0,20607
2022-05-11,10665.0,10730.0,10470.0,10470.0,5351
2022-05-12,10810.0,10810.0,10600.0,10655.0,21575
2022-05-13,10670.0,10735.0,10510.0,10510.0,8594
2022-05-16,10455.0,10670.0,10455.0,10670.0,8879
2022-05-17,10750.0,10790.0,10595.0,10595.0,6432
2022-05-18,10810.0,10860.0,10780.0,10780.0,4664
2022-05-19,10695.0,10780.0,10465.0,10780.0,4606
2022-05-20,10715.0,10735.0,10570.0,10570.0,3339
2022-05-23,10875.0,11035.0,10875.0,11035.0,3657
2022-05-24,10880.0,11070.0,10850.0,11070.0,3974
2022-05-25,10880.0,11000.0,10835.0,11000.0,3505
2022-05-26,10700.0,11055.0,10700.0,11055.0,5061
2022-05-27,10745.0,10815.0,10720.0,10810.0,2722
2022-05-30,10665.0,10900.0,10665.0,10900.0,21206
2022-05-31,10740.0,10795.0,10695.0,10695.0,1049
2022-06-02,10720.0,10825.0,10695.0,10730.0,6781
2022-06-03,10910.0,10930.0,10720.0,10930.0,49696
2022-06-07,11090.0,11160.0,11015.0,11015.0,71645
2022-06-08,11060.0,11200.0,11000.0,11090.0,13107
2022-06-09,11055.0,11190.0,11000.0,11000.0,4119
2022-06-10,11025.0,11070.0,10950.0,10950.0,2097
2022-06-13,10975.0,10975.0,10705.0,10705.0,14911
2022-06-14,10885.0,10905.0,10815.0,10830.0,16629
2022-06-15,10765.0,10880.0,10720.0,10880.0,6918
2022-06-16,10770.0,10870.0,10735.0,10775.0,13895
2022-06-17,10565.0,10650.0,10520.0,10645.0,13230
2022-06-20,10470.0,10560.0,10370.0,10560.0,18141
2022-06-21,10315.0,10470.0,10275.0,10470.0,13242
2022-06-22,10345.0,10405.0,10200.0,10320.0,17529
2022-06-23,10120.0,10350.0,10070.0,10345.0,38418
2022-06-24,9870.0,9990.0,9760.0,9990.0,16140
2022-06-27,9695.0,9845.0,9685.0,9845.0,8907
2022-06-28,9785.0,9785.0,9680.0,9695.0,5644
2022-06-29,9830.0,9830.0,9720.0,9785.0,12134
2022-06-30,9860.0,9905.0,9815.0,9895.0,5746
2022-07-01,9475.0,9910.0,9370.0,9860.0,20458
2022-07-04,9370.0,9660.0,9370.0,9650.0,9265
2022-07-05,9345.0,9480.0,9345.0,9405.0,12848
2022-07-06,9120.0,9235.0,8855.0,9235.0,26962
2022-07-07,9010.0,9170.0,8895.0,9170.0,9065
2022-07-08,9200.0,9245.0,9015.0,9070.0,26670
2022-07-11,9010.0,9200.0,8960.0,9200.0,7191
2022-07-12,8920.0,9040.0,8845.0,8995.0,12608
2022-07-13,8705.0,8835.0,8600.0,8835.0,4905
2022-07-14,8515.0,8700.0,8460.0,8660.0,11202
2022-07-15,8590.0,8590.0,8470.0,8575.0,2828
2022-07-18,8480.0,8600.0,8435.0,8475.0,4979
2022-07-19,8675.0,8775.0,8600.0,8720.0,5291
2022-07-20,8745.0,8770.0,8640.0,8705.0,6302
2022-07-21,8640.0,8785.0,8625.0,8785.0,5028
2022-07-22,8600.0,8695.0,8540.0,8695.0,4642
2022-07-25,8775.0,8820.0,8700.0,8820.0,17434
2022-07-26,8850.0,8950.0,8780.0,8825.0,8117
2022-07-27,8955.0,8975.0,8840.0,8960.0,4748
2022-07-28,9065.0,9070.0,9005.0,9045.0,5260
2022-07-29,9090.0,9200.0,9080.0,9080.0,6735
2022-08-01,9195.0,9245.0,9190.0,9230.0,7293
2022-08-02,9290.0,9360.0,9095.0,9310.0,18113
2022-08-03,9275.0,9290.0,9165.0,9290.0,4418
2022-08-04,9130.0,9270.0,9125.0,9270.0,7717
2022-08-05,9150.0,9205.0,9130.0,9130.0,9267
2022-08-08,9230.0,9235.0,9205.0,9210.0,4929
2022-08-09,9315.0,9335.0,9260.0,9260.0,4508
2022-08-10,9375.0,9390.0,9275.0,9350.0,8310
2022-08-11,9530.0,9530.0,9435.0,9435.0,3352
2022-08-12,9620.0,9700.0,9600.0,9600.0,6032
2022-08-16,9490.0,9535.0,9420.0,9535.0,16219
2022-08-17,9515.0,9580.0,9460.0,9580.0,10263
2022-08-18,9460.0,9515.0,9450.0,9515.0,2614
2022-08-19,9535.0,9650.0,9535.0,9650.0,4711
2022-08-22,9650.0,9750.0,9630.0,9685.0,14088
2022-08-23,9630.0,9730.0,9630.0,9730.0,4069
2022-08-24,9755.0,9885.0,9755.0,9840.0,2860
2022-08-25,9735.0,9800.0,9690.0,9800.0,4177
2022-08-26,9850.0,9880.0,9775.0,9840.0,5135
2022-08-29,9845.0,9985.0,9680.0,9985.0,22071
2022-08-30,9975.0,10300.0,9950.0,10300.0,13832
2022-08-31,9570.0,9975.0,9520.0,9975.0,16163
2022-09-01,9350.0,9410.0,9345.0,9385.0,9377
2022-09-02,9380.0,9395.0,9270.0,9395.0,13181
2022-09-05,9445.0,9485.0,9340.0,9340.0,6670
2022-09-06,9480.0,9510.0,9445.0,9445.0,504
2022-09-07,9480.0,9550.0,9455.0,9485.0,1921
2022-09-08,9595.0,9615.0,9540.0,9615.0,1791
2022-09-13,9805.0,9850.0,9755.0,9830.0,4893
2022-09-14,10165.0,10170.0,9885.0,9890.0,32705
2022-09-15,9755.0,9910.0,9755.0,9910.0,13004
2022-09-16,9615.0,9835.0,9615.0,9835.0,4138
2022-09-19,9705.0,9830.0,9665.0,9740.0,3363
2022-09-20,9750.0,9790.0,9720.0,9720.0,2478
2022-09-21,9740.0,9750.0,9670.0,9750.0,2092
2022-09-22,9805.0,9810.0,9715.0,9740.0,1901
2022-09-23,9760.0,9905.0,9760.0,9830.0,2131
2022-09-26,9440.0,9500.0,9360.0,9415.0,12997
2022-09-27,9550.0,9655.0,9440.0,9655.0,3137
2022-09-28,9575.0,9580.0,9495.0,9570.0,2412
2022-09-29,9445.0,9610.0,9395.0,9525.0,12996
2022-09-30,9770.0,9900.0,9675.0,9865.0,18993
2022-10-04,9840.0,9880.0,9610.0,9730.0,12252
2022-10-05,9920.0,9950.0,9840.0,9860.0,5776
2022-10-06,9830.0,9995.0,9820.0,9820.0,11338
2022-10-07,9765.0,9840.0,9700.0,9805.0,7050
2022-10-11,9860.0,9915.0,9760.0,9760.0,10229
2022-10-12,9790.0,9820.0,9700.0,9735.0,9425
2022-10-13,9750.0,9830.0,9715.0,9790.0,953
2022-10-14,9820.0,9900.0,9775.0,9900.0,4278
2022-10-17,9795.0,9920.0,9795.0,9850.0,3469
2022-10-18,9750.0,9895.0,9725.0,9895.0,1178
2022-10-19,9530.0,9665.0,9530.0,9665.0,5672
2022-10-20,9505.0,9560.0,9480.0,9560.0,926
2022-10-21,9705.0,9800.0,9695.0,9795.0,806
2022-10-24,9775.0,9800.0,9730.0,9800.0,3155
2022-10-25,9810.0,9920.0,9800.0,9915.0,4001
2022-10-26,9780.0,9815.0,9740.0,9775.0,527
2022-10-27,9925.0,9930.0,9890.0,9925.0,2380
2022-10-28,9820.0,9935.0,9760.0,9935.0,1911
2022-10-31,9695.0,9935.0,9600.0,9935.0,15967
2022-11-01,9705.0,9750.0,9590.0,9670.0,5259
2022-11-02,9785.0,9895.0,9785.0,9895.0,6962
2022-11-03,9730.0,9820.0,9695.0,9775.0,6714
2022-11-04,9795.0,9875.0,9590.0,9650.0,5186
2022-11-07,9955.0,10005.0,9930.0,9970.0,6934
2022-11-08,9880.0,10050.0,9880.0,10050.0,5037
2022-11-09,9890.0,9980.0,9770.0,9980.0,3952
2022-11-10,9985.0,9995.0,9890.0,9985.0,9892
2022-11-11,9750.0,10075.0,9750.0,10040.0,8823
2022-11-14,10070.0,10070.0,9900.0,10055.0,5909
2022-11-15,10005.0,10075.0,9990.0,10045.0,2662
2022-11-16,9965.0,10025.0,9910.0,9910.0,577
2022-11-17,9980.0,9980.0,9880.0,9980.0,2127
2022-11-18,9865.0,9980.0,9835.0,9980.0,2145
2022-11-21,9810.0,9840.0,9785.0,9800.0,2253
2022-11-22,9675.0,9700.0,9640.0,9700.0,2395
2022-11-23,9670.0,9825.0,9670.0,9825.0,6213
2022-11-24,9645.0,9750.0,9630.0,9750.0,2762
2022-11-25,9595.0,9640.0,9590.0,9640.0,3986
2022-11-28,9610.0,9700.0,9525.0,9700.0,5403
2022-11-29,9690.0,9720.0,9550.0,9640.0,1651
2022-11-30,9535.0,9615.0,9515.0,9610.0,10023
2022-12-01,9705.0,9730.0,9625.0,9730.0,5407
2022-12-02,9685.0,9700.0,9640.0,9690.0,2206
2022-12-05,9690.0,9755.0,9615.0,9750.0,14101
2022-12-06,9965.0,9965.0,9695.0,9815.0,24018
2022-12-07,9930.0,9965.0,9705.0,9965.0,1328
2022-12-08,9865.0,9930.0,9810.0,9915.0,2432
2022-12-09,9980.0,10090.0,9935.0,10045.0,8683
2022-12-12,9970.0,10000.0,9925.0,10000.0,2164
2022-12-13,9815.0,9930.0,9770.0,9930.0,2773
2022-12-14,9720.0,9815.0,9715.0,9815.0,7303
2022-12-15,9850.0,9900.0,9750.0,9750.0,7824
2022-12-16,9890.0,9990.0,9850.0,9850.0,3043
2022-12-19,9760.0,9785.0,9650.0,9730.0,4186
2022-12-20,9750.0,9850.0,9685.0,9850.0,3876
2022-12-21,9570.0,9710.0,9560.0,9710.0,4949
2022-12-22,9600.0,9700.0,9505.0,9700.0,2021
2022-12-23,9525.0,9650.0,9525.0,9600.0,894
2022-12-26,9620.0,9645.0,9535.0,9590.0,1494
2022-12-27,9535.0,9600.0,9480.0,9600.0,3091
2022-12-28,9600.0,9630.0,9575.0,9575.0,2236
2022-12-29,9650.0,9700.0,9610.0,9700.0,2065
2023-01-02,9645.0,9720.0,9630.0,9650.0,5798
2023-01-03,9565.0,9700.0,9510.0,9700.0,3951
2023-01-04,9640.0,9660.0,9600.0,9660.0,10592
2023-01-05,9380.0,9475.0,9200.0,9475.0,4883
2023-01-06,9560.0,9600.0,9480.0,9560.0,19929
2023-01-09,9600.0,9630.0,9540.0,9600.0,12018
2023-01-10,9745.0,9800.0,9660.0,9800.0,14182
2023-01-11,9840.0,9850.0,9775.0,9820.0,3479
2023-01-12,10035.0,10040.0,9930.0,9975.0,13662
2023-01-13,10170.0,10235.0,10135.0,10235.0,9615
2023-01-16,10100.0,10265.0,10090.0,10170.0,5981
2023-01-17,10170.0,10200.0,10090.0,10100.0,6460
2023-01-18,10290.0,10300.0,10200.0,10200.0,3384
2023-01-19,10440.0,10460.0,10355.0,10460.0,15051
2023-01-20,10350.0,10400.0,10200.0,10400.0,3618
2023-01-25,10375.0,10400.0,10315.0,10350.0,7703
2023-01-26,10345.0,10400.0,10230.0,10375.0,5520
2023-01-27,10295.0,10350.0,10250.0,10350.0,1564
2023-01-30,10165.0,10310.0,10165.0,10295.0,2136
2023-01-31,10130.0,10175.0,10110.0,10175.0,5905
2023-02-01,10240.0,10300.0,10170.0,10175.0,9035
2023-02-02,10200.0,10300.0,10150.0,10190.0,9148
2023-02-03,10010.0,10065.0,9940.0,9940.0,22718
2023-02-06,10115.0,10220.0,10055.0,10220.0,1258
2023-02-07,10035.0,10175.0,10025.0,10175.0,1622
2023-02-08,10065.0,10100.0,10035.0,10100.0,8122
2023-02-09,10320.0,10350.0,10055.0,10270.0,15513
2023-02-10,10235.0,10275.0,10175.0,10275.0,3816
2023-02-13,10240.0,10270.0,10160.0,10225.0,23775
2023-02-14,10180.0,10285.0,10180.0,10280.0,18343
2023-02-15,10285.0,10340.0,10220.0,10245.0,10054
2023-02-16,10265.0,10275.0,10220.0,10265.0,2910
2023-02-17,10400.0,10420.0,10330.0,10330.0,11400
2023-02-20,10390.0,10430.0,10350.0,10385.0,2054
2023-02-21,10515.0,10570.0,10515.0,10515.0,15057
2023-02-22,10675.0,10750.0,10630.0,10695.0,15500
2023-02-23,10635.0,10695.0,10505.0,10615.0,5599
2023-02-24,10580.0,10610.0,10500.0,10535.0,10433
2023-02-27,10395.0,10510.0,10345.0,10510.0,7163
2023-02-28,10440.0,10440.0,10375.0,10435.0,3943
2023-03-02,10700.0,10710.0,10650.0,10665.0,9668
2023-03-03,10545.0,10750.0,10360.0,10750.0,2720
2023-03-06,10500.0,10575.0,10400.0,10575.0,3623
2023-03-07,10395.0,10450.0,10375.0,10445.0,8608
2023-03-08,10530.0,10560.0,10240.0,10360.0,19040
2023-03-09,10475.0,10530.0,10450.0,10530.0,1909
2023-03-10,10520.0,10595.0,10490.0,10500.0,9195
2023-03-13,10425.0,10520.0,10425.0,10495.0,14749
2023-03-14,10210.0,10255.0,10130.0,10205.0,14458
2023-03-15,10445.0,10475.0,10405.0,10475.0,32492
2023-03-16,10040.0,10155.0,10020.0,10155.0,13400
2023-03-17,10150.0,10155.0,10000.0,10040.0,8570
2023-03-20,10105.0,10155.0,10100.0,10155.0,2673
2023-03-21,10150.0,10240.0,10125.0,10240.0,12030
2023-03-22,10355.0,10390.0,10345.0,10355.0,6477
2023-03-23,10290.0,10500.0,10240.0,10440.0,22248
2023-03-24,10390.0,10405.0,10310.0,10320.0,17242
2023-03-27,10480.0,10505.0,10425.0,10500.0,9097
2023-03-28,10415.0,10500.0,10415.0,10480.0,6866
2023-03-29,10480.0,10525.0,10455.0,10480.0,11160
2023-03-30,10510.0,10560.0,10480.0,10480.0,8350
2023-03-31,10570.0,10570.0,10405.0,10510.0,10861
2023-04-03,10600.0,10650.0,10520.0,10520.0,9685
2023-04-04,10570.0,10645.0,10570.0,10615.0,9422
2023-04-05,10465.0,10570.0,10445.0,10570.0,4885
2023-04-06,10500.0,10540.0,10405.0,10510.0,8421
2023-04-07,10535.0,10600.0,10505.0,10505.0,5168
2023-04-10,10560.0,10605.0,10545.0,10555.0,5695
2023-04-11,10575.0,10645.0,10565.0,10645.0,7910
2023-04-12,10625.0,10650.0,10585.0,10650.0,4652
2023-04-13,10455.0,10630.0,10455.0,10625.0,14857
2023-04-14,10570.0,10690.0,10535.0,10565.0,19227
2023-04-17,10780.0,10790.0,10635.0,10635.0,10148
2023-04-18,10685.0,10800.0,10685.0,10800.0,9697
2023-04-19,10665.0,10750.0,10630.0,10750.0,12944
2023-04-20,10595.0,10650.0,10595.0,10610.0,5560
2023-04-21,10620.0,10620.0,10580.0,10595.0,10701
2023-04-24,10650.0,10675.0,10620.0,10620.0,4423
2023-04-25,10570.0,10650.0,10430.0,10650.0,15273
2023-04-26,10255.0,11000.0,9800.0,10380.0,15732
2023-04-27,10320.0,10350.0,10260.0,10330.0,15975
2023-04-28,10290.0,10295.0,10195.0,10200.0,8510
2023-05-02,10355.0,10405.0,10290.0,10290.0,3670
2023-05-03,10315.0,10410.0,10315.0,10355.0,7979
2023-05-04,10235.0,10350.0,10210.0,10350.0,3402
2023-05-08,10155.0,10210.0,10140.0,10210.0,5781
2023-05-09,10105.0,10155.0,10100.0,10100.0,18340
2023-05-10,10290.0,10375.0,10275.0,10295.0,4337
2023-05-11,10160.0,10165.0,10120.0,10120.0,2159
2023-05-12,9985.0,10085.0,9925.0,10085.0,16190
2023-05-15,10005.0,10055.0,9960.0,10055.0,5286
2023-05-16,9935.0,10080.0,9920.0,10080.0,3713
2023-05-17,9840.0,9900.0,9820.0,9900.0,9882
2023-05-19,9885.0,10020.0,9855.0,10020.0,4542
2023-05-22,9730.0,9895.0,9705.0,9895.0,11394
2023-05-23,9585.0,9745.0,9540.0,9745.0,16782
2023-05-25,9420.0,9480.0,9360.0,9480.0,26879
2023-05-26,9625.0,9625.0,9480.0,9575.0,38760
2023-05-30,9640.0,9890.0,9550.0,9890.0,13485
2023-05-31,9635.0,9650.0,9560.0,9650.0,9500
2023-06-01,9650.0,9700.0,9625.0,9635.0,16519
2023-06-02,9750.0,9790.0,9685.0,9790.0,12582
2023-06-05,9760.0,9815.0,9700.0,9815.0,13264
2023-06-07,9780.0,9800.0,9740.0,9765.0,10708
2023-06-08,9805.0,9835.0,9800.0,9810.0,4259
2023-06-09,9710.0,9775.0,9700.0,9770.0,13424
2023-06-12,9730.0,9865.0,9720.0,9865.0,11896
2023-06-13,9625.0,9690.0,9600.0,9690.0,11761
2023-06-14,9730.0,9735.0,9670.0,9735.0,9169
2023-06-15,9775.0,9815.0,9735.0,9760.0,3898
2023-06-16,9910.0,9930.0,9825.0,9835.0,8855
2023-06-19,9870.0,9960.0,9870.0,9910.0,6232
2023-06-20,9790.0,9860.0,9750.0,9860.0,3786
2023-06-21,9920.0,9985.0,9915.0,9960.0,5518
2023-06-22,9930.0,9955.0,9895.0,9940.0,3209
2023-06-23,10230.0,10230.0,10145.0,10170.0,13788
2023-06-26,10000.0,10100.0,9980.0,10100.0,14716
2023-06-27,9915.0,10020.0,9840.0,10020.0,10205
2023-06-28,9855.0,9885.0,9725.0,9885.0,38581
2023-06-29,9820.0,9850.0,9760.0,9785.0,20866
2023-06-30,9735.0,9775.0,9685.0,9770.0,26400
2023-07-07,9710.0,9760.0,9635.0,9635.0,13114
2023-07-10,9755.0,9780.0,9710.0,9710.0,7171
2023-07-14,9765.0,9895.0,9725.0,9895.0,37703
2023-07-17,9825.0,9910.0,9710.0,9845.0,62907
2023-07-19,9585.0,9665.0,9540.0,9665.0,27671
2023-07-20,9570.0,9575.0,9515.0,9515.0,10107
2023-07-21,9830.0,9830.0,9655.0,9760.0,71313
2023-07-24,9630.0,9835.0,9615.0,9835.0,19002
2023-07-26,9715.0,9825.0,9715.0,9825.0,53062
2023-07-28,9785.0,9820.0,9625.0,9775.0,37853
2023-08-03,9915.0,9995.0,9875.0,9995.0,63762
2023-08-04,9945.0,9950.0,9895.0,9895.0,4690
2023-08-07,9990.0,9990.0,9945.0,9990.0,10302
2023-08-08,10030.0,10080.0,9965.0,10000.0,11497
2023-08-09,9975.0,10030.0,9850.0,9860.0,13135
2023-08-10,9855.0,9870.0,9790.0,9790.0,17596
2023-08-11,9910.0,9910.0,9835.0,9870.0,7436
2023-08-14,9820.0,9870.0,9795.0,9870.0,10292
2023-08-16,9750.0,9810.0,9725.0,9810.0,15816
2023-08-17,9820.0,9940.0,9745.0,9940.0,16089
2023-08-18,9825.0,9860.0,9780.0,9860.0,2729
2023-08-21,9830.0,9900.0,9820.0,9895.0,12904
2023-08-22,9885.0,9920.0,9875.0,9920.0,6954
2023-08-23,9925.0,9945.0,9885.0,9885.0,7411
2023-08-24,9970.0,10060.0,9935.0,10000.0,7125
2023-08-25,9925.0,9985.0,9895.0,9950.0,10410
2023-08-28,9860.0,9950.0,9840.0,9895.0,4043
2023-08-29,9880.0,9990.0,9880.0,9965.0,6946
2023-08-30,9875.0,9950.0,9870.0,9880.0,1523
2023-08-31,10020.0,10020.0,9910.0,9910.0,9002
2023-09-01,9905.0,9995.0,9905.0,9940.0,8033
2023-09-04,10030.0,10060.0,10030.0,10055.0,8416
2023-09-05,10000.0,10010.0,9945.0,10010.0,1899
2023-09-06,9990.0,10000.0,9955.0,10000.0,4338
2023-09-07,10005.0,10050.0,10000.0,10000.0,2721
2023-09-08,9915.0,9990.0,9885.0,9990.0,3817
2023-09-11,9900.0,9915.0,9850.0,9915.0,2141
2023-09-12,9865.0,9915.0,9855.0,9900.0,5035
2023-09-13,9945.0,10000.0,9935.0,9940.0,8456
2023-09-14,9965.0,9970.0,9910.0,9945.0,2043
2023-09-15,9995.0,10005.0,9945.0,10005.0,1717
2023-09-18,9980.0,10000.0,9960.0,10000.0,5037
2023-09-19,9960.0,9980.0,9920.0,9980.0,2866
2023-09-20,9835.0,9900.0,9820.0,9900.0,13753
2023-09-21,9890.0,9920.0,9870.0,9875.0,5241
2023-09-22,9800.0,9825.0,9765.0,9820.0,14813
2023-09-25,9780.0,9800.0,9760.0,9800.0,2252
2023-09-26,9760.0,9795.0,9740.0,9790.0,5650
2023-09-27,10035.0,10085.0,9810.0,9865.0,34583
2023-10-04,9835.0,9890.0,9830.0,9890.0,4663
2023-10-05,9760.0,9760.0,9720.0,9735.0,6895
2023-10-06,9480.0,9540.0,9405.0,9535.0,22339
2023-10-10,9650.0,9775.0,9525.0,9525.0,22102
2023-10-11,9570.0,9680.0,9570.0,9650.0,31500
2023-10-12,9635.0,9650.0,9545.0,9580.0,3318
2023-10-13,9670.0,9700.0,9615.0,9700.0,9020
2023-10-16,9615.0,9655.0,9575.0,9655.0,7630
2023-10-17,9620.0,9660.0,9575.0,9650.0,18682
2023-10-18,9590.0,9630.0,9500.0,9595.0,5216
2023-10-19,9650.0,9785.0,9505.0,9720.0,29473
2023-10-20,9590.0,9715.0,9590.0,9650.0,2945
2023-10-23,9550.0,9650.0,9535.0,9650.0,1909
2023-10-24,9570.0,9570.0,9495.0,9555.0,3452
2023-10-25,9595.0,9645.0,9580.0,9590.0,21323
2023-10-26,9685.0,9740.0,9625.0,9680.0,5290
2023-10-27,9675.0,9730.0,9610.0,9730.0,2648
2023-10-30,9700.0,9765.0,9680.0,9765.0,6903
2023-10-31,9875.0,9875.0,9705.0,9765.0,10595
2023-11-01,9795.0,9835.0,9765.0,9835.0,2183
2023-11-02,9740.0,9800.0,9720.0,9800.0,8886
2023-11-03,9650.0,9700.0,9650.0,9700.0,5242
2023-11-06,9575.0,9625.0,9545.0,9625.0,26412
2023-11-07,9590.0,9595.0,9540.0,9595.0,2652
2023-11-08,9575.0,9620.0,9560.0,9590.0,4399
2023-11-09,9430.0,9595.0,9405.0,9505.0,11370
2023-11-10,9565.0,9570.0,9430.0,9430.0,3706
2023-11-13,9550.0,9570.0,9500.0,9565.0,11201
2023-11-14,9570.0,9600.0,9515.0,9580.0,37097
2023-11-15,9510.0,9545.0,9460.0,9545.0,6086
2023-11-16,9555.0,9580.0,9535.0,9535.0,23931
2023-11-17,9540.0,9570.0,9495.0,9560.0,3938
2023-11-20,9505.0,9555.0,9495.0,9550.0,12151
2023-11-21,9520.0,9645.0,9510.0,9645.0,21345
2023-11-22,9680.0,9700.0,9605.0,9605.0,21193
2023-11-23,9630.0,9705.0,9610.0,9705.0,8480
2023-11-24,9680.0,9745.0,9630.0,9690.0,8080
2023-11-27,9690.0,9750.0,9680.0,9695.0,15679
2023-11-28,9675.0,9720.0,9655.0,9690.0,11307
2023-11-29,9675.0,9710.0,9650.0,9690.0,13635
2023-11-30,9740.0,9740.0,9680.0,9725.0,3856
2023-12-01,9790.0,9800.0,9745.0,9775.0,2279
2023-12-04,9800.0,9820.0,9780.0,9820.0,3740
2023-12-05,9835.0,9835.0,9760.0,9760.0,13192
2023-12-06,9790.0,9820.0,9755.0,9820.0,1386
2023-12-07,9780.0,9835.0,9755.0,9835.0,839
2023-12-08,9670.0,9770.0,9630.0,9770.0,3171
2023-12-11,9835.0,9880.0,9765.0,9795.0,5713
2023-12-12,9820.0,9895.0,9795.0,9895.0,3449
2023-12-13,9825.0,9850.0,9800.0,9850.0,2821
2023-12-14,9700.0,9845.0,9690.0,9845.0,10372
2023-12-15,9910.0,9910.0,9845.0,9850.0,5563
2023-12-18,9895.0,9935.0,9875.0,9920.0,1978
2023-12-19,9885.0,9935.0,9815.0,9935.0,2380
2023-12-20,9900.0,9940.0,9880.0,9940.0,7211
2023-12-21,9920.0,9930.0,9855.0,9855.0,4874
2023-12-22,9935.0,9950.0,9885.0,9950.0,2568
2023-12-26,9880.0,9940.0,9840.0,9940.0,3696
2023-12-27,9900.0,9945.0,9810.0,9880.0,4695
2023-12-28,10090.0,10090.0,9890.0,9910.0,16263
2024-01-02,9900.0,9930.0,9815.0,9815.0,9321
2024-01-03,9880.0,9890.0,9860.0,9890.0,2189
2024-01-04,9955.0,9955.0,9880.0,9880.0,17571
2024-01-05,9930.0,9945.0,9855.0,9945.0,6647
2024-01-08,9850.0,9910.0,9805.0,9910.0,3984
2024-01-09,9865.0,9865.0,9830.0,9865.0,4672
2024-01-10,9810.0,9965.0,9765.0,9965.0,6848
2024-01-11,9875.0,9885.0,9795.0,9805.0,3041
2024-01-12,9890.0,9920.0,9875.0,9920.0,3078
2024-01-15,9800.0,9870.0,9745.0,9870.0,12970
2024-01-16,9760.0,9800.0,9720.0,9720.0,2535
2024-01-17,9845.0,9880.0,9830.0,9830.0,9581
2024-01-19,9865.0,9890.0,9825.0,9840.0,2799
2024-01-22,9875.0,9875.0,9845.0,9865.0,6177
2024-01-23,9935.0,9935.0,9865.0,9900.0,4633
2024-01-24,9960.0,9985.0,9935.0,9950.0,8426
2024-01-25,10090.0,10095.0,10060.0,10065.0,17615
2024-01-26,10095.0,10120.0,10045.0,10105.0,5320
2024-01-29,10010.0,10095.0,10010.0,10095.0,5237
2024-01-30,10055.0,10110.0,10035.0,10035.0,3133
2024-01-31,10110.0,10135.0,10050.0,10120.0,4419
2024-02-01,10165.0,10240.0,10060.0,10240.0,11959
2024-02-02,10010.0,10155.0,9980.0,10155.0,7958
2024-02-05,9995.0,10170.0,9930.0,10135.0,10114
2024-02-06,9925.0,10000.0,9860.0,10000.0,3037
2024-02-07,9910.0,9925.0,9830.0,9925.0,3834
2024-02-08,9910.0,9935.0,9895.0,9900.0,3091
2024-02-13,9975.0,9990.0,9920.0,9920.0,5525
2024-02-14,9995.0,9995.0,9930.0,9955.0,6907
2024-02-15,9790.0,9790.0,9700.0,9790.0,33509
2024-02-16,9840.0,9855.0,9765.0,9815.0,4150
2024-02-19,9965.0,10000.0,9850.0,9850.0,13253
2024-02-20,9945.0,10000.0,9945.0,9970.0,11661
2024-02-21,10020.0,10030.0,9885.0,9945.0,19377
2024-02-22,10065.0,10075.0,10020.0,10020.0,6125
2024-02-23,10025.0,10090.0,10025.0,10075.0,5125
2024-02-26,9950.0,10010.0,9945.0,10010.0,8805
2024-02-27,9920.0,9945.0,9900.0,9945.0,4546
2024-02-28,9910.0,9920.0,9845.0,9920.0,14058
2024-02-29,9860.0,9895.0,9840.0,9895.0,6252
2024-03-04,9905.0,10030.0,9860.0,10030.0,15428
2024-03-05,9965.0,10010.0,9950.0,9950.0,19781
2024-03-06,9930.0,10030.0,9930.0,10030.0,10730
2024-03-07,9990.0,10010.0,9940.0,9970.0,18734
2024-03-08,10035.0,10110.0,9520.0,10110.0,12956
2024-03-11,10030.0,10050.0,10000.0,10050.0,8700
2024-03-12,10010.0,10030.0,9965.0,10030.0,3888
2024-03-13,10020.0,10055.0,10015.0,10015.0,4627
2024-03-14,10170.0,10205.0,10135.0,10135.0,27603
2024-03-15,10510.0,10595.0,10170.0,10235.0,25646
2024-03-18,10635.0,10720.0,10580.0,10585.0,26963
2024-03-19,10725.0,10790.0,10650.0,10695.0,16848
2024-03-20,10610.0,10725.0,10560.0,10700.0,11879
2024-03-21,10500.0,10565.0,10495.0,10565.0,12728
2024-03-22,10540.0,10540.0,10385.0,10495.0,18976
2024-03-25,10565.0,10565.0,10530.0,10565.0,5989
2024-03-26,10535.0,10550.0,10505.0,10550.0,6255
2024-03-27,10465.0,10525.0,10460.0,10460.0,4760
2024-03-28,10480.0,10525.0,10460.0,10465.0,2869
2024-03-29,10600.0,10600.0,10500.0,10600.0,11101
2024-04-01,10700.0,10700.0,10600.0,10605.0,24291
2024-04-02,10865.0,10885.0,10695.0,10700.0,30234
2024-04-03,10895.0,10900.0,10785.0,10865.0,29136
2024-04-04,11030.0,11960.0,10865.0,10865.0,153604
2024-04-05,11320.0,11355.0,11220.0,11230.0,98568
2024-04-08,11225.0,11960.0,11225.0,11285.0,89808
2024-04-09,11470.0,11500.0,11345.0,11345.0,95103
2024-04-11,11515.0,11780.0,11470.0,11470.0,97007
2024-04-12,11500.0,11530.0,11310.0,11385.0,101011
2024-04-15,11745.0,11820.0,11605.0,11715.0,97405
2024-04-16,11830.0,11950.0,11745.0,11750.0,176304
2024-04-17,11620.0,11830.0,11580.0,11830.0,101339
2024-04-18,11630.0,11675.0,11540.0,11600.0,83747
2024-04-19,12060.0,12095.0,11825.0,11875.0,130830
2024-04-22,12275.0,12475.0,12060.0,12100.0,91087
2024-04-23,12055.0,12275.0,12025.0,12275.0,71868
2024-04-24,11890.0,11950.0,11770.0,11930.0,81633
2024-04-25,11915.0,11955.0,11830.0,11890.0,45450
2024-04-26,12055.0,12060.0,11920.0,11920.0,49233
2024-04-29,12235.0,12265.0,12110.0,12220.0,80730
2024-04-30,12500.0,12530.0,12240.0,12305.0,92887
2024-05-02,12270.0,12350.0,12155.0,12245.0,84844
2024-05-03,12025.0,12055.0,11985.0,12005.0,64293
2024-05-07,12080.0,12160.0,12010.0,12065.0,54819
2024-05-08,12195.0,12270.0,12110.0,12150.0,45756
2024-05-09,12150.0,12150.0,12030.0,12055.0,40319
2024-05-10,12195.0,12350.0,12180.0,12180.0,41899
2024-05-13,12455.0,12550.0,12320.0,12390.0,119271
2024-05-14,12590.0,12800.0,12505.0,12505.0,72960
2024-05-16,12810.0,12990.0,12710.0,12825.0,89556
2024-05-17,12890.0,12910.0,12775.0,12850.0,60292
2024-05-20,13670.0,13725.0,13080.0,13180.0,303152
2024-05-21,14385.0,15000.0,13650.0,13655.0,448389
2024-05-22,14735.0,15025.0,14500.0,14500.0,282226
2024-05-23,13965.0,14445.0,13260.0,13740.0,288388
2024-05-24,13780.0,14000.0,13300.0,13900.0,167332
2024-05-27,13795.0,13805.0,13380.0,13775.0,150372
2024-05-28,12825.0,13815.0,12790.0,13815.0,484806
2024-05-29,13020.0,13135.0,12880.0,13000.0,149422
2024-05-30,12710.0,12980.0,12050.0,12980.0,134331
2024-05-31,12560.0,12625.0,12300.0,12330.0,100632
2024-06-03,12480.0,12550.0,12300.0,12300.0,63307
2024-06-04,12410.0,12600.0,12395.0,12590.0,68377
2024-06-05,12025.0,12295.0,12010.0,12295.0,164057
2024-06-07,12110.0,12235.0,12110.0,12195.0,106954
2024-06-10,12035.0,12075.0,11725.0,11750.0,119718
2024-06-11,11900.0,12030.0,11870.0,12030.0,59466
2024-06-12,11935.0,11950.0,11830.0,11870.0,46043
2024-06-13,11980.0,12140.0,11935.0,12140.0,54509
2024-06-14,11915.0,11980.0,11855.0,11970.0,61278
2024-06-17,11790.0,11910.0,11790.0,11910.0,76955
2024-06-18,11715.0,11785.0,11700.0,11785.0,50808
2024-06-19,11835.0,11835.0,11660.0,11715.0,49405
2024-06-20,12170.0,12185.0,11860.0,11860.0,108201
2024-06-21,12270.0,12425.0,12170.0,12170.0,82349
2024-06-24,12000.0,12075.0,11850.0,11910.0,37831
2024-06-25,11995.0,11995.0,11880.0,11955.0,40271
2024-06-26,11830.0,11905.0,11795.0,11905.0,44009
2024-06-27,11795.0,11815.0,11770.0,11815.0,23262
2024-06-28,11720.0,12000.0,11715.0,11750.0,56954
2024-07-01,11780.0,11830.0,11740.0,11740.0,29599
2024-07-02,11970.0,11990.0,11835.0,11835.0,29110
2024-07-03,12025.0,12045.0,11840.0,11985.0,22895
2024-07-04,12045.0,12340.0,12045.0,12075.0,91204
2024-07-05,12345.0,12345.0,12160.0,12160.0,70082
2024-07-08,12150.0,12400.0,12090.0,12195.0,71491
2024-07-09,12195.0,12225.0,12150.0,12150.0,39578
2024-07-10,12090.0,12210.0,12090.0,12205.0,48567
2024-07-11,12095.0,12125.0,12055.0,12105.0,40062
2024-07-12,11900.0,12040.0,11825.0,12040.0,83995
2024-07-15,11955.0,12135.0,11905.0,11905.0,52455
2024-07-16,12000.0,12045.0,11895.0,11955.0,36217
2024-07-17,11885.0,11975.0,11850.0,11975.0,53846
2024-07-18,11730.0,11840.0,11685.0,11800.0,67014
2024-07-19,11515.0,11675.0,11000.0,11675.0,57846
2024-07-22,11375.0,11505.0,11340.0,11505.0,39782
2024-07-23,11220.0,11375.0,11175.0,11375.0,85079
2024-07-24,11140.0,11210.0,11085.0,11210.0,45169
2024-07-25,10985.0,11080.0,10795.0,11080.0,109605
2024-07-26,10940.0,10970.0,10905.0,10970.0,39330
2024-07-29,11020.0,11090.0,10990.0,11035.0,31841
2024-07-30,10855.0,10995.0,10845.0,10995.0,22248
2024-07-31,10990.0,10990.0,10815.0,10875.0,23329
2024-08-01,10985.0,11080.0,10940.0,11015.0,34322
2024-08-02,10805.0,10940.0,10700.0,10940.0,36486
2024-08-05,10745.0,10895.0,10000.0,10895.0,100224
2024-08-06,10465.0,10660.0,10400.0,10555.0,33394
2024-08-07,10610.0,10680.0,10580.0,10610.0,29863
2024-08-08,10655.0,10700.0,10350.0,10585.0,16205
2024-08-09,10610.0,10740.0,10580.0,10705.0,19763
2024-08-12,10720.0,10740.0,10620.0,10670.0,11880
2024-08-13,10715.0,10865.0,10710.0,10800.0,37375
2024-08-14,10650.0,10725.0,10625.0,10670.0,30124
2024-08-16,10940.0,10980.0,10880.0,10935.0,38784
2024-08-19,10770.0,10950.0,10760.0,10820.0,39249
2024-08-20,11000.0,11020.0,10820.0,10875.0,47346
2024-08-21,11010.0,11030.0,10920.0,10970.0,16574
2024-08-22,11045.0,11130.0,11010.0,11080.0,22020
2024-08-23,10890.0,10935.0,10835.0,10935.0,26499
2024-08-26,10865.0,10865.0,10795.0,10825.0,26906
2024-08-28,10830.0,10995.0,10820.0,10830.0,72264
2024-08-29,10820.0,10865.0,10710.0,10865.0,33051
2024-08-30,10860.0,10900.0,10775.0,10790.0,28207
2024-09-02,10825.0,10895.0,10800.0,10895.0,15449
2024-09-03,10765.0,10950.0,10765.0,10895.0,26068
2024-09-04,10490.0,10585.0,10485.0,10505.0,32137
2024-09-05,10395.0,10485.0,10360.0,10450.0,16437
2024-09-06,10470.0,10535.0,10405.0,10535.0,23022
2024-09-09,10710.0,10710.0,10495.0,10515.0,27287
2024-09-10,10695.0,10745.0,10670.0,10715.0,11868
2024-09-11,10590.0,10670.0,10525.0,10630.0,22319
2024-09-12,10790.0,10830.0,10705.0,10735.0,28558
2024-09-13,10795.0,10870.0,10785.0,10870.0,14066
2024-09-19,10970.0,10990.0,10865.0,10865.0,17501
2024-09-20,11270.0,11275.0,10980.0,10980.0,23490
2024-09-23,11145.0,11205.0,11140.0,11205.0,19546
2024-09-24,11195.0,11200.0,11060.0,11135.0,27895
2024-09-25,11420.0,11500.0,11360.0,11360.0,77392
2024-09-26,11635.0,11665.0,11390.0,11450.0,29567
2024-09-27,11645.0,12100.0,11640.0,11655.0,52200
2024-09-30,11475.0,11605.0,11370.0,11605.0,42818
2024-10-02,11480.0,11775.0,11450.0,11775.0,26888
2024-10-04,11575.0,11580.0,11500.0,11510.0,19789
2024-10-07,11710.0,11740.0,11685.0,11685.0,30325
2024-10-08,11600.0,11740.0,11200.0,11730.0,57473
2024-10-10,11390.0,11575.0,11350.0,11575.0,46664
2024-10-11,11440.0,11445.0,11385.0,11445.0,6828
2024-10-14,11480.0,11485.0,11450.0,11455.0,16017
2024-10-15,11435.0,11475.0,11400.0,11460.0,14283
2024-10-16,11425.0,11445.0,11395.0,11420.0,14549
2024-10-17,11510.0,11510.0,11455.0,11455.0,19601
2024-10-18,11530.0,11530.0,11495.0,11510.0,14960
2024-10-21,11690.0,11700.0,11530.0,11530.0,25211
2024-10-22,11745.0,11750.0,11625.0,11745.0,55434
2024-10-23,11715.0,11735.0,11685.0,11735.0,22555
2024-10-24,11585.0,11610.0,11540.0,11610.0,18937
2024-10-25,11610.0,11660.0,11560.0,11575.0,22602
2024-10-28,11460.0,11605.0,11440.0,11605.0,36162
2024-10-29,11470.0,11595.0,11420.0,11455.0,24765
2024-10-31,11490.0,11505.0,11435.0,11490.0,19071
2024-11-01,11450.0,11510.0,11440.0,11440.0,9743
2024-11-04,11445.0,11445.0,11365.0,11390.0,42468
2024-11-06,11560.0,11710.0,11560.0,11710.0,59102
2024-11-07,11375.0,11475.0,11220.0,11475.0,61018
2024-11-08,11640.0,11700.0,11515.0,11525.0,71274
2024-11-11,11490.0,11625.0,11395.0,11625.0,30469
2024-11-12,11405.0,11495.0,11305.0,11460.0,32541
2024-11-13,11265.0,11405.0,11210.0,11405.0,23532
2024-11-14,11030.0,11260.0,11000.0,11255.0,19995
2024-11-15,11180.0,11250.0,10775.0,10905.0,17200
2024-11-18,11100.0,11115.0,10960.0,11060.0,20195
2024-11-19,11075.0,11075.0,11005.0,11025.0,23602
2024-11-20,11100.0,11105.0,11050.0,11075.0,10975
2024-11-21,11175.0,11185.0,11110.0,11110.0,24138
2024-11-22,11130.0,11165.0,11130.0,11135.0,14888
2024-11-25,11115.0,11125.0,11070.0,11115.0,15447
2024-11-26,11105.0,11110.0,11060.0,11105.0,13603
2024-11-27,11080.0,11135.0,11080.0,11135.0,6302
2024-11-28,10985.0,11080.0,10985.0,11080.0,8625
2024-11-29,11000.0,11040.0,10980.0,10985.0,14629
2024-12-02,10955.0,10985.0,10930.0,10985.0,18179
2024-12-03,10945.0,10955.0,10920.0,10955.0,22559
2024-12-04,11100.0,11145.0,10950.0,10950.0,25632
2024-12-05,11215.0,11230.0,11180.0,11185.0,8084
2024-12-06,11300.0,11305.0,11215.0,11220.0,40518
2024-12-09,11400.0,11400.0,11225.0,11325.0,39412
2024-12-10,11455.0,11515.0,11400.0,11515.0,16901
2024-12-11,11515.0,11540.0,11510.0,11510.0,13533
2024-12-12,11645.0,11645.0,11500.0,11515.0,15514
2024-12-13,11415.0,11580.0,11370.0,11580.0,14603
2024-12-16,11350.0,11440.0,11310.0,11415.0,15948
2024-12-17,11160.0,11375.0,11155.0,11375.0,17934
2024-12-18,11185.0,11185.0,11090.0,11110.0,12389
2024-12-19,11355.0,11390.0,11335.0,11390.0,22499
2024-12-20,11305.0,11305.0,11200.0,11205.0,7511
2024-12-23,11325.0,11415.0,11295.0,11295.0,15037
2024-12-24,11375.0,11380.0,11310.0,11335.0,16002
2024-12-26,11390.0,11475.0,11390.0,11395.0,39024
2024-12-27,11455.0,11575.0,11395.0,11410.0,20777
2024-12-30,11535.0,11540.0,11415.0,11455.0,17402
2025-01-02,11340.0,11480.0,11280.0,11480.0,16643
2025-01-03,11305.0,11345.0,11275.0,11340.0,17825
2025-01-06,11420.0,11460.0,11340.0,11365.0,22229
2025-01-07,11495.0,11540.0,11410.0,11505.0,15646
2025-01-08,11485.0,11495.0,11385.0,11495.0,22359
2025-01-09,11575.0,11575.0,11430.0,11495.0,14240
2025-01-10,11615.0,11620.0,11525.0,11575.0,14707
2025-01-13,11605.0,11695.0,11575.0,11690.0,28948
2025-01-14,11720.0,11745.0,11555.0,11605.0,29202
2025-01-15,11535.0,11725.0,11505.0,11725.0,19821
2025-01-16,11720.0,11750.0,11620.0,11620.0,20353
2025-01-17,11995.0,12020.0,11705.0,11710.0,235416
2025-01-20,11895.0,11895.0,11785.0,11870.0,134715
2025-01-21,11745.0,11745.0,11670.0,11695.0,235226
2025-01-22,11715.0,11740.0,11690.0,11735.0,73794
2025-01-23,11615.0,11715.0,11595.0,11715.0,11558
2025-01-24,11835.0,11865.0,11585.0,11585.0,22201
2025-01-31,11670.0,11670.0,11620.0,11670.0,27640
2025-02-03,11550.0,11585.0,11500.0,11585.0,19897
2025-02-04,11520.0,11595.0,11515.0,11520.0,20316
2025-02-05,11725.0,11790.0,11520.0,11520.0,28149
2025-02-06,11905.0,12000.0,11710.0,11710.0,111173
2025-02-07,11920.0,11935.0,11865.0,11905.0,34146
2025-02-10,12020.0,12040.0,11970.0,11970.0,53923
2025-02-11,12125.0,12125.0,12055.0,12080.0,34024
2025-02-12,11995.0,12135.0,11865.0,12125.0,23444
2025-02-13,12225.0,12225.0,12020.0,12020.0,27224
2025-02-14,12135.0,12230.0,12000.0,12225.0,47520
2025-02-17,12530.0,12695.0,12530.0,12595.0,87288
2025-02-18,12800.0,12880.0,12500.0,12530.0,78063
2025-02-19,12160.0,12500.0,12100.0,12165.0,97836
2025-02-20,11920.0,12155.0,11915.0,12155.0,59999
2025-02-21,12080.0,12090.0,12045.0,12090.0,202551
2025-02-24,11940.0,12105.0,11935.0,12105.0,130926
2025-02-25,11890.0,11950.0,11705.0,11950.0,242714
2025-02-26,12145.0,12160.0,11995.0,12000.0,51573
2025-02-27,12080.0,12080.0,11975.0,12080.0,48828
2025-02-28,12070.0,12135.0,12030.0,12085.0,73434
2025-03-04,12085.0,12140.0,12085.0,12085.0,34327
2025-03-05,12120.0,12150.0,12105.0,12105.0,27801
2025-03-06,12400.0,12490.0,12350.0,12405.0,51886
2025-03-07,12650.0,12810.0,12400.0,12400.0,160786
2025-03-10,12660.0,12700.0,12475.0,12490.0,58897
2025-03-11,12450.0,12625.0,12400.0,12435.0,92519
2025-03-12,12630.0,12755.0,12520.0,12520.0,66197
2025-03-13,12815.0,12830.0,12765.0,12795.0,45819
2025-03-14,12795.0,12945.0,12755.0,12865.0,86012
2025-03-17,12680.0,12775.0,12635.0,12775.0,41636
2025-03-18,12665.0,12760.0,12565.0,12730.0,41667
2025-03-19,12655.0,12690.0,12615.0,12660.0,37168
2025-03-20,12900.0,12910.0,12830.0,12865.0,96410
2025-03-21,12945.0,12945.0,12840.0,12925.0,42733
2025-03-24,12910.0,12965.0,12855.0,12945.0,37569
2025-03-25,12945.0,13015.0,12900.0,12985.0,47514
2025-03-26,13100.0,13230.0,12995.0,12995.0,102160
2025-03-27,13020.0,13085.0,12925.0,12955.0,116044
2025-03-28,12840.0,12855.0,12765.0,12810.0,39176
2025-03-31,12830.0,12845.0,12745.0,12800.0,52386
2025-04-01,12750.0,12760.0,12675.0,12760.0,47840
2025-04-02,12620.0,12695.0,12570.0,12695.0,38112
2025-04-03,12435.0,12595.0,12380.0,12595.0,87104
2025-04-04,11820.0,12130.0,11745.0,12075.0,116791
2025-04-07,11340.0,11580.0,10600.0,11390.0,113913
2025-04-08,11585.0,11585.0,11330.0,11330.0,31545
2025-04-09,11425.0,11465.0,11335.0,11435.0,49909
2025-04-10,11325.0,11940.0,11325.0,11900.0,64569
2025-04-11,11625.0,11720.0,11460.0,11520.0,45131
2025-04-14,11770.0,11770.0,11625.0,11625.0,32182
2025-04-15,11710.0,11800.0,11645.0,11655.0,43442
2025-04-16,11415.0,11630.0,11350.0,11630.0,46218
2025-04-17,11575.0,11865.0,11420.0,11420.0,56084
2025-04-18,11655.0,11660.0,11565.0,11600.0,12047
2025-04-21,11700.0,11700.0,11655.0,11665.0,18335
2025-04-22,11755.0,11770.0,11640.0,11730.0,53686
2025-04-23,11885.0,11930.0,11555.0,11555.0,43608
2025-04-24,11880.0,11940.0,11840.0,11875.0,23838
2025-04-25,12065.0,12100.0,11865.0,11990.0,43049
2025-04-28,11895.0,12015.0,11830.0,12015.0,14576
2025-04-29,11940.0,11975.0,11800.0,11940.0,12246
2025-04-30,11990.0,12055.0,11990.0,11990.0,31914
2025-05-02,11655.0,11990.0,11640.0,11990.0,32575
2025-05-07,11830.0,11865.0,11690.0,11740.0,34840
2025-05-08,11680.0,11810.0,11680.0,11810.0,30455
2025-05-09,11590.0,11680.0,11485.0,11680.0,23868
2025-05-12,11930.0,11980.0,11745.0,11745.0,50277
2025-05-13,11895.0,11930.0,11760.0,11900.0,27908
2025-05-14,12070.0,12130.0,12000.0,12035.0,44380
2025-05-15,11770.0,12075.0,11765.0,12010.0,24285
2025-05-16,11835.0,11880.0,11755.0,11775.0,16569
2025-05-19,11825.0,11845.0,11775.0,11840.0,12277
2025-05-20,11665.0,11855.0,11660.0,11810.0,12540
2025-05-21,11755.0,11785.0,11735.0,11735.0,10831
2025-05-22,11650.0,11725.0,11460.0,11645.0,44843
2025-05-23,11535.0,11640.0,11480.0,11640.0,35884
2025-05-26,11745.0,11795.0,11660.0,11660.0,35787
2025-05-27,11730.0,11730.0,11610.0,11730.0,17913
2025-05-28,11645.0,11715.0,11600.0,11685.0,44944
2025-05-29,11730.0,11750.0,11705.0,11750.0,29519
2025-05-30,11665.0,11730.0,11665.0,11730.0,9276
2025-06-02,11760.0,11775.0,11725.0,11735.0,16023
2025-06-04,11805.0,11900.0,11760.0,11760.0,33708
2025-06-05,11730.0,11900.0,11705.0,11720.0,20436
2025-06-09,11955.0,11970.0,11745.0,11785.0,158771
2025-06-10,12165.0,12325.0,11880.0,11905.0,122484
2025-06-11,12280.0,12280.0,12030.0,12055.0,75025
2025-06-12,12055.0,12540.0,12025.0,12280.0,101211
2025-06-13,12160.0,12300.0,11850.0,11850.0,55024
2025-06-16,11975.0,12130.0,11875.0,11925.0,83299
2025-06-17,11830.0,11970.0,11740.0,11750.0,73995
2025-06-18,11965.0,11992.0,11910.0,11990.0,29499
2025-06-19,12040.0,12095.0,11910.0,11965.0,50488
2025-06-20,11980.0,12045.0,11970.0,12040.0,28361
2025-06-23,12065.0,12085.0,12000.0,12060.0,32410
2025-06-24,12095.0,12225.0,12075.0,12205.0,43766
2025-06-25,12000.0,12050.0,11955.0,12050.0,34787
2025-06-26,11940.0,11965.0,11865.0,11875.0,53136
2025-06-27,12270.0,12270.0,12035.0,12095.0,94228
2025-06-30,12255.0,12345.0,12182.0,12225.0,44262
2025-07-01,12305.0,12305.0,12015.0,12035.0,89366
2025-07-02,12350.0,12455.0,12070.0,12070.0,63867
2025-07-03,12370.0,12465.0,12250.0,12250.0,67150
2025-07-04,12390.0,12440.0,12370.0,12370.0,49324
2025-07-07,12340.0,12530.0,12295.0,12440.0,59903
2025-07-08,12250.0,12420.0,12215.0,12335.0,43107
2025-07-09,12395.0,12850.0,12395.0,12405.0,368877
2025-07-10,12230.0,12370.0,12160.0,12370.0,181911
2025-07-11,12175.0,12295.0,11935.0,12295.0,97783
2025-07-14,12015.0,12080.0,11985.0,12025.0,76154
2025-07-15,11930.0,11985.0,11820.0,11985.0,78929
2025-07-16,12045.0,12095.0,11880.0,11930.0,82078
2025-07-17,12060.0,12100.0,12035.0,12100.0,61126
2025-07-18,12100.0,12175.0,12045.0,12105.0,30407
2025-07-21,12170.0,12180.0,12100.0,12100.0,41277
2025-07-22,12185.0,12215.0,12170.0,12215.0,34888
2025-07-23,12215.0,12215.0,12165.0,12185.0,27045
2025-07-24,12295.0,12295.0,12170.0,12170.0,30398
2025-07-25,12235.0,12295.0,12185.0,12295.0,36703
2025-07-28,12170.0,12275.0,12000.0,12230.0,30884
2025-07-29,12155.0,12200.0,12130.0,12170.0,60226
2025-07-30,12065.0,12190.0,12045.0,12155.0,39314
2025-07-31,11705.0,11790.0,11455.0,11700.0,144103
2025-08-01,11690.0,11805.0,11630.0,11735.0,75824
2025-08-04,11605.0,11635.0,11530.0,11580.0,98808
2025-08-05,11730.0,11780.0,11525.0,11550.0,93924
2025-08-06,11650.0,11675.0,11485.0,11485.0,68171
2025-08-07,11605.0,11660.0,11570.0,11570.0,68535
2025-08-08,11735.0,11735.0,11535.0,11535.0,38502
2025-08-11,11720.0,11770.0,11705.0,11745.0,43045
2025-08-12,11640.0,11680.0,11500.0,11670.0,54195
2025-08-13,11615.0,11640.0,11520.0,11640.0,41056
2025-08-14,11640.0,11660.0,11630.0,11660.0,24442
2025-08-14,11640.0,11660.0,11630.0,11660.0,24442
2025-08-18,11520.0,11620.0,11500.0,11620.0,77781
2025-08-19,11545.0,11595.0,11520.0,11530.0,18347
2025-08-20,11625.0,11635.0,11530.0,11545.0,52695
2025-08-21,11650.0,11650.0,11550.0,11615.0,19302
2025-08-22,11665.0,11705.0,11650.0,11650.0,16682
2025-08-25,11630.0,12100.0,11590.0,12100.0,27290
2025-08-26,11645.0,11645.0,11575.0,11575.0,26882
2025-08-27,11690.0,11730.0,11680.0,11730.0,30747
2025-08-28,11645.0,11690.0,11610.0,11690.0,28523
2025-08-29,11730.0,11740.0,11620.0,11645.0,24556
2025-09-01,11765.0,11835.0,11700.0,11730.0,27148
2025-09-02,11800.0,11835.0,11755.0,11825.0,52119
2025-09-03,11780.0,11865.0,11750.0,11865.0,29704
2025-09-04,11810.0,11845.0,11780.0,11785.0,29187
2025-09-05,11755.0,11830.0,11710.0,11820.0,23095
2025-09-05,11755.0,11830.0,11710.0,11820.0,23095
2025-09-05,11755.0,0.0,0.0,0.0,0
2025-09-08,11810.0,11850.0,11750.0,11850.0,33441
2025-09-09,11725.0,11810.0,11690.0,11810.0,43241
2025-09-10,11800.0,11810.0,11765.0,11785.0,44803
2025-09-11,11835.0,11835.0,11790.0,11795.0,41044
2025-09-12,11940.0,11955.0,11845.0,11845.0,61320
2025-09-12,11940.0,0.0,0.0,0.0,0
2025-09-15,12010.0,12070.0,11935.0,11940.0,52932
